Metric,Without SMOTE,With SMOTE
Accuracy,0.7025,0.6875
Precision (macro),0.35125,0.4119897959183674
Recall (macro),0.5,0.491746164658034
F1-Score (macro),0.41262848751835535,0.41500625943302405
AUC-ROC,0.5073566793265349,0.5102425311761716
